{
  "total_trades": 36,
  "win_trades": 17,
  "loss_trades": 19,
  "win_rate": 0.4722222222222222,
  "total_pnl": 8.050000000000068,
  "avg_pnl": 0.223611111111113,
  "avg_win": 8.120588235294122,
  "avg_loss": -6.842105263157895,
  "max_win": 12.5,
  "max_loss": -10.0,
  "profit_factor": 1.0619230769230774,
  "avg_hold_time_minutes": 24.91435185185185
}