{
  "total_trades": 1115,
  "wins": 423,
  "losses": 686,
  "win_rate": 0.379372197309417,
  "avg_pnl_tick": -0.24704035874439498,
  "total_pnl_tick": -275.4500000000004,
  "max_dd_tick": -865.5000000000006,
  "avg_hold_bars": 7.67982062780269
}