{
  "total_trades": 68,
  "wins": 32,
  "losses": 35,
  "win_rate": 0.47058823529411764,
  "avg_pnl_tick": 0.4279411764705852,
  "total_pnl_tick": 29.099999999999795,
  "max_dd_tick": -50.75,
  "avg_hold_bars": 14.941176470588236
}