exit_reason,count,total_pnl,avg_pnl,avg_hold_bars
SL,1027,-10525.3,-10.248588120740019,5.455696202531645
TP,616,10140.45,16.461769480519482,5.759740259740259
TO,104,83.90000000000055,0.8067307692307745,60.0
SESSION_END,95,-18.850000000000136,-0.19842105263158039,26.2
WEAK_REVERSAL,92,593.1000000000001,6.446739130434784,14.652173913043478
HALF_RETRACE,58,394.75,6.806034482758621,5.086206896551724
NEAR_RESISTANCE,18,155.5,8.63888888888889,12.444444444444445
