exit_reason,count,total_pnl,avg_pnl,avg_hold_bars
SL,116,-1053.45,-9.08146551724138,4.853448275862069
TP,91,1442.75,15.854395604395604,4.714285714285714
TO,15,0.0,0.0,60.0
SESSION_END,11,21.600000000000023,1.9636363636363656,23.454545454545453
HALF_RETRACE,9,59.75,6.638888888888889,4.777777777777778
WEAK_REVERSAL,8,52.75,6.59375,12.5
