{
  "total_trades": 1282,
  "win_trades": 555,
  "loss_trades": 727,
  "win_rate": 0.4329173166926677,
  "total_pnl": 385.0500000000002,
  "avg_pnl": 0.30035101404056175,
  "avg_win": 10.247837837837839,
  "avg_loss": -7.293672627235213,
  "max_win": 43.0,
  "max_loss": -73.5,
  "profit_factor": 1.0726166902404526,
  "avg_hold_time_minutes": 14.518863754550182
}