{
  "total_trades": 250,
  "win_trades": 117,
  "loss_trades": 133,
  "win_rate": 0.468,
  "total_pnl": 523.4,
  "avg_pnl": 2.0936,
  "avg_win": 13.537179487179486,
  "avg_loss": -7.973308270676692,
  "max_win": 65.0,
  "max_loss": -55.0,
  "profit_factor": 1.4935640529963694,
  "avg_hold_time_minutes": 9.484733333333333
}