{
  "total_trades": 37,
  "wins": 11,
  "losses": 25,
  "win_rate": 0.2972972972972973,
  "avg_pnl_tick": -0.2364864864864834,
  "total_pnl_tick": -8.749999999999886,
  "max_dd_tick": -41.749999999999886,
  "avg_hold_bars": 9.594594594594595
}